userId,total_game_clicks,total_ad_clicks,total_revenue
442,176.0,4.0,10.0
949,224.0,10.0,0.0
1654,0.0,0.0,0.0
1586,0.0,0.0,0.0
599,0.0,0.0,0.0
952,0.0,0.0,0.0
1056,0.0,0.0,0.0
91,0.0,0.0,0.0
809,0.0,0.0,0.0
75,216.0,0.0,0.0
2224,28.0,6.0,0.0
361,0.0,0.0,0.0
584,460.0,0.0,0.0
295,33.0,0.0,0.0
1493,0.0,0.0,0.0
1605,0.0,0.0,0.0
848,0.0,0.0,0.0
962,675.0,0.0,0.0
2034,0.0,0.0,0.0
379,263.0,0.0,0.0
637,0.0,0.0,0.0
1203,0.0,0.0,0.0
2029,888.0,49.0,160.0
879,0.0,0.0,0.0
1538,394.0,40.0,97.0
1599,0.0,0.0,0.0
1666,253.0,0.0,0.0
707,0.0,0.0,0.0
507,0.0,0.0,0.0
1738,0.0,0.0,0.0
111,0.0,0.0,0.0
381,0.0,0.0,0.0
1708,882.0,0.0,0.0
2023,0.0,0.0,0.0
1075,149.0,12.0,3.0
1928,814.0,0.0,0.0
177,0.0,0.0,0.0
2247,0.0,0.0,0.0
1135,0.0,0.0,0.0
976,0.0,0.0,0.0
1630,865.0,0.0,0.0
1289,372.0,0.0,0.0
71,0.0,0.0,0.0
963,0.0,0.0,0.0
1177,0.0,0.0,0.0
1315,905.0,38.0,35.0
1563,1819.0,14.0,25.0
1466,0.0,0.0,0.0
1311,0.0,0.0,0.0
537,230.0,0.0,0.0
2209,999.0,36.0,57.0
1691,283.0,0.0,0.0
1391,0.0,0.0,0.0
1104,436.0,0.0,0.0
70,476.0,0.0,0.0
312,0.0,0.0,0.0
668,636.0,0.0,0.0
251,0.0,0.0,0.0
1736,0.0,0.0,0.0
456,788.0,0.0,0.0
754,2367.0,41.0,17.0
1341,0.0,0.0,0.0
841,1032.0,0.0,0.0
1455,0.0,0.0,0.0
2098,67.0,0.0,0.0
289,549.0,0.0,0.0
1631,441.0,0.0,0.0
1065,576.0,49.0,103.0
594,0.0,0.0,0.0
1861,0.0,0.0,0.0
390,928.0,50.0,19.0
1939,0.0,0.0,0.0
605,1288.0,0.0,0.0
710,743.0,0.0,0.0
34,794.0,34.0,95.0
2371,0.0,0.0,0.0
1243,812.0,0.0,0.0
2117,154.0,10.0,10.0
447,122.0,0.0,0.0
1185,0.0,0.0,0.0
1578,0.0,0.0,0.0
684,0.0,0.0,0.0
1443,0.0,0.0,0.0
1755,0.0,0.0,0.0
1570,0.0,0.0,0.0
187,0.0,0.0,0.0
2252,911.0,0.0,0.0
1584,450.0,0.0,0.0
28,428.0,0.0,0.0
1687,380.0,36.0,38.0
349,0.0,0.0,0.0
595,728.0,56.0,53.0
1611,0.0,0.0,0.0
1956,0.0,0.0,0.0
808,550.0,25.0,47.0
1172,0.0,0.0,0.0
619,0.0,0.0,0.0
812,723.0,0.0,0.0
1780,0.0,0.0,0.0
2351,0.0,0.0,0.0
852,342.0,0.0,0.0
2059,226.0,0.0,0.0
1583,1038.0,12.0,12.0
535,0.0,0.0,0.0
490,0.0,0.0,0.0
16,2324.0,0.0,0.0
1889,549.0,25.0,83.0
122,40.0,0.0,0.0
292,1353.0,0.0,0.0
1024,458.0,36.0,40.0
1032,0.0,0.0,0.0
747,0.0,0.0,0.0
18,0.0,0.0,0.0
358,416.0,33.0,34.0
1187,0.0,0.0,0.0
1718,0.0,0.0,0.0
2123,0.0,0.0,0.0
1250,0.0,0.0,0.0
1263,0.0,0.0,0.0
1984,0.0,0.0,0.0
1011,542.0,17.0,22.0
2036,0.0,0.0,0.0
1716,0.0,0.0,0.0
2297,850.0,0.0,0.0
1840,0.0,0.0,0.0
1164,888.0,0.0,0.0
916,0.0,0.0,0.0
341,0.0,0.0,0.0
729,0.0,0.0,0.0
1951,0.0,0.0,0.0
799,1023.0,19.0,6.0
1287,0.0,0.0,0.0
1737,0.0,0.0,0.0
1616,0.0,0.0,0.0
1938,0.0,0.0,0.0
813,0.0,0.0,0.0
604,2073.0,0.0,0.0
1757,0.0,0.0,0.0
1374,0.0,0.0,0.0
910,482.0,0.0,0.0
2336,1183.0,28.0,1.0
850,0.0,0.0,0.0
1196,0.0,0.0,0.0
1981,0.0,0.0,0.0
320,0.0,0.0,0.0
1007,0.0,0.0,0.0
961,0.0,0.0,0.0
1468,719.0,25.0,43.0
955,0.0,0.0,0.0
779,0.0,0.0,0.0
1791,0.0,0.0,0.0
1727,0.0,0.0,0.0
487,726.0,0.0,0.0
1577,405.0,0.0,0.0
2028,874.0,0.0,0.0
990,0.0,0.0,0.0
488,0.0,0.0,0.0
544,696.0,0.0,0.0
1274,0.0,0.0,0.0
1647,0.0,0.0,0.0
1432,0.0,0.0,0.0
112,0.0,0.0,0.0
60,323.0,0.0,0.0
1977,0.0,0.0,0.0
1055,1021.0,24.0,5.0
189,0.0,0.0,0.0
1281,0.0,0.0,0.0
12,704.0,46.0,215.0
1073,1138.0,0.0,0.0
1648,0.0,0.0,0.0
2307,2556.0,0.0,0.0
863,0.0,0.0,0.0
2143,0.0,0.0,0.0
2020,0.0,0.0,0.0
971,1114.0,35.0,24.0
849,473.0,0.0,0.0
2238,0.0,0.0,0.0
1296,0.0,0.0,0.0
1764,0.0,0.0,0.0
1201,436.0,32.0,55.0
531,1633.0,27.0,3.0
796,0.0,0.0,0.0
287,0.0,0.0,0.0
1826,0.0,0.0,0.0
1207,0.0,0.0,0.0
1388,0.0,0.0,0.0
1552,123.0,8.0,52.0
108,676.0,0.0,0.0
1062,0.0,0.0,0.0
642,0.0,0.0,0.0
1606,268.0,0.0,0.0
1469,0.0,0.0,0.0
194,0.0,0.0,0.0
1530,311.0,10.0,10.0
273,0.0,0.0,0.0
948,0.0,0.0,0.0
1448,147.0,0.0,0.0
618,0.0,0.0,0.0
694,0.0,0.0,0.0
632,0.0,0.0,0.0
860,547.0,0.0,0.0
1873,8.0,1.0,3.0
528,0.0,0.0,0.0
2186,0.0,0.0,0.0
523,0.0,0.0,0.0
1474,0.0,0.0,0.0
1331,0.0,0.0,0.0
509,0.0,0.0,0.0
1077,0.0,0.0,0.0
96,0.0,0.0,0.0
1080,0.0,0.0,0.0
298,0.0,0.0,0.0
256,2167.0,33.0,33.0
2069,0.0,0.0,0.0
1181,0.0,0.0,0.0
1480,279.0,33.0,24.0
445,704.0,40.0,31.0
1720,441.0,0.0,0.0
398,0.0,0.0,0.0
437,616.0,0.0,0.0
1693,209.0,13.0,100.0
1395,0.0,0.0,0.0
1487,0.0,0.0,0.0
1411,0.0,0.0,0.0
1223,0.0,0.0,0.0
1883,0.0,0.0,0.0
1920,0.0,0.0,0.0
1787,0.0,0.0,0.0
1017,346.0,48.0,80.0
1102,0.0,0.0,0.0
1488,0.0,0.0,0.0
1099,979.0,0.0,0.0
47,117.0,7.0,0.0
1276,0.0,0.0,0.0
2003,0.0,0.0,0.0
1256,623.0,0.0,0.0
1402,612.0,20.0,28.0
741,1167.0,51.0,39.0
2331,0.0,0.0,0.0
2231,439.0,0.0,0.0
1834,554.0,0.0,0.0
1394,0.0,0.0,0.0
424,54.0,0.0,0.0
1699,0.0,0.0,0.0
1988,14.0,0.0,0.0
1635,200.0,0.0,0.0
1852,0.0,0.0,0.0
1121,365.0,0.0,0.0
719,412.0,0.0,0.0
1298,1037.0,0.0,0.0
1604,0.0,0.0,0.0
904,161.0,9.0,3.0
219,0.0,0.0,0.0
1418,4846.0,0.0,0.0
1857,0.0,0.0,0.0
1398,0.0,0.0,0.0
1684,892.0,0.0,0.0
690,0.0,0.0,0.0
1927,0.0,0.0,0.0
1363,0.0,0.0,0.0
77,7.0,1.0,0.0
428,73.0,0.0,0.0
2011,0.0,0.0,0.0
1601,8.0,0.0,0.0
368,0.0,0.0,0.0
1868,1055.0,0.0,0.0
592,481.0,0.0,0.0
567,656.0,13.0,0.0
1574,540.0,20.0,3.0
1831,0.0,0.0,0.0
946,0.0,0.0,0.0
283,438.0,0.0,0.0
132,0.0,0.0,0.0
241,0.0,0.0,0.0
2292,446.0,0.0,0.0
1174,0.0,0.0,0.0
2093,0.0,0.0,0.0
426,490.0,38.0,24.0
1609,527.0,38.0,19.0
250,75.0,7.0,8.0
2227,397.0,25.0,66.0
676,0.0,0.0,0.0
138,0.0,0.0,0.0
407,0.0,0.0,0.0
81,831.0,0.0,0.0
2053,770.0,0.0,0.0
1162,1261.0,38.0,53.0
1043,762.0,0.0,0.0
2216,841.0,42.0,90.0
431,0.0,0.0,0.0
1384,365.0,34.0,25.0
706,695.0,0.0,0.0
655,0.0,0.0,0.0
266,10.0,0.0,0.0
1677,0.0,0.0,0.0
1475,0.0,0.0,0.0
1333,277.0,20.0,80.0
1592,164.0,0.0,0.0
997,447.0,43.0,34.0
2314,1277.0,0.0,0.0
1750,0.0,0.0,0.0
1690,635.0,41.0,11.0
1845,844.0,0.0,0.0
883,14.0,0.0,0.0
1531,0.0,0.0,0.0
687,0.0,0.0,0.0
224,220.0,0.0,0.0
2149,302.0,0.0,0.0
174,535.0,0.0,0.0
23,1283.0,0.0,0.0
1576,715.0,0.0,0.0
1751,0.0,0.0,0.0
1582,0.0,0.0,0.0
2210,0.0,0.0,0.0
1627,0.0,0.0,0.0
1952,0.0,0.0,0.0
120,0.0,0.0,0.0
1456,0.0,0.0,0.0
713,918.0,0.0,0.0
21,594.0,52.0,19.0
1,716.0,44.0,21.0
248,144.0,0.0,20.0
2309,119.0,4.0,33.0
1553,0.0,0.0,0.0
136,0.0,0.0,0.0
1035,733.0,0.0,0.0
471,524.0,51.0,202.0
427,271.0,12.0,30.0
2276,4.0,0.0,0.0
1392,0.0,0.0,0.0
15,180.0,15.0,2.0
128,180.0,8.0,0.0
1166,312.0,0.0,0.0
1710,0.0,0.0,0.0
139,0.0,0.0,0.0
1393,768.0,38.0,16.0
1674,1973.0,0.0,0.0
271,559.0,44.0,15.0
339,533.0,0.0,0.0
1336,562.0,17.0,45.0
1863,416.0,38.0,31.0
2062,0.0,0.0,0.0
1692,342.0,0.0,0.0
2323,428.0,0.0,0.0
477,0.0,0.0,0.0
2106,1150.0,0.0,0.0
74,210.0,0.0,0.0
1892,567.0,47.0,24.0
1308,323.0,11.0,1.0
31,0.0,0.0,0.0
1160,0.0,0.0,0.0
1211,0.0,0.0,0.0
1651,0.0,0.0,0.0
1292,2.0,0.0,0.0
1590,0.0,0.0,0.0
1842,0.0,0.0,0.0
862,43.0,0.0,0.0
482,7.0,0.0,0.0
116,0.0,0.0,0.0
1143,569.0,41.0,43.0
889,0.0,0.0,0.0
22,0.0,0.0,0.0
88,0.0,0.0,0.0
1069,609.0,26.0,5.0
1815,2204.0,39.0,83.0
1378,0.0,0.0,0.0
520,0.0,0.0,0.0
1258,0.0,0.0,0.0
596,0.0,0.0,0.0
625,220.0,0.0,0.0
855,972.0,33.0,125.0
1365,0.0,0.0,0.0
2229,526.0,40.0,223.0
708,410.0,49.0,70.0
2302,0.0,0.0,0.0
1041,0.0,0.0,0.0
1215,939.0,0.0,0.0
1698,0.0,0.0,0.0
2263,681.0,0.0,0.0
1406,0.0,0.0,0.0
1770,197.0,15.0,3.0
1573,0.0,0.0,0.0
2070,0.0,0.0,0.0
309,879.0,50.0,7.0
225,0.0,0.0,0.0
1662,0.0,0.0,0.0
890,0.0,0.0,0.0
1501,850.0,0.0,0.0
876,530.0,0.0,0.0
1849,0.0,0.0,0.0
2167,0.0,0.0,0.0
367,678.0,45.0,10.0
736,656.0,44.0,24.0
1735,19.0,0.0,0.0
1795,0.0,0.0,0.0
1679,0.0,0.0,0.0
272,0.0,0.0,0.0
2250,334.0,0.0,0.0
1644,502.0,0.0,0.0
1245,0.0,0.0,0.0
1039,0.0,0.0,0.0
1239,0.0,0.0,0.0
789,0.0,0.0,0.0
286,299.0,29.0,60.0
1168,0.0,0.0,0.0
678,0.0,0.0,0.0
1037,0.0,0.0,0.0
2140,0.0,0.0,0.0
1437,0.0,0.0,0.0
1010,0.0,0.0,0.0
1237,252.0,0.0,0.0
57,0.0,0.0,0.0
532,0.0,0.0,0.0
2104,0.0,0.0,0.0
1019,2611.0,47.0,9.0
2315,0.0,0.0,0.0
2321,0.0,0.0,0.0
1118,0.0,0.0,0.0
1463,0.0,0.0,0.0
994,217.0,8.0,0.0
436,4512.0,37.0,43.0
1923,0.0,0.0,0.0
1534,0.0,0.0,0.0
2226,133.0,0.0,0.0
2218,783.0,50.0,23.0
25,651.0,0.0,0.0
1180,0.0,0.0,0.0
420,381.0,23.0,12.0
1593,803.0,9.0,14.0
2024,380.0,8.0,0.0
2249,0.0,0.0,0.0
1953,319.0,29.0,8.0
527,0.0,0.0,0.0
1301,0.0,0.0,0.0
1472,161.0,7.0,21.0
2004,427.0,0.0,0.0
2239,0.0,0.0,0.0
1382,2050.0,9.0,1.0
928,0.0,0.0,0.0
190,0.0,0.0,0.0
245,0.0,0.0,0.0
878,0.0,0.0,0.0
356,1307.0,0.0,0.0
243,678.0,56.0,14.0
1885,383.0,10.0,24.0
597,0.0,0.0,0.0
600,989.0,0.0,0.0
728,238.0,4.0,3.0
703,538.0,0.0,0.0
734,0.0,0.0,0.0
475,170.0,0.0,0.0
1561,0.0,0.0,0.0
321,637.0,0.0,0.0
226,0.0,0.0,0.0
564,432.0,53.0,9.0
14,167.0,0.0,0.0
1033,117.0,0.0,0.0
1305,0.0,0.0,0.0
996,1655.0,21.0,8.0
2236,422.0,22.0,15.0
791,1322.0,0.0,0.0
2280,0.0,0.0,0.0
914,1239.0,14.0,5.0
585,989.0,38.0,30.0
2225,0.0,0.0,0.0
397,1346.0,31.0,40.0
472,152.0,0.0,0.0
565,0.0,0.0,0.0
823,0.0,0.0,0.0
1355,1153.0,0.0,0.0
325,0.0,0.0,0.0
2076,0.0,0.0,0.0
2013,439.0,11.0,20.0
1350,0.0,0.0,0.0
492,0.0,0.0,0.0
76,361.0,52.0,22.0
89,0.0,0.0,0.0
856,537.0,53.0,90.0
824,218.0,18.0,37.0
1836,71.0,8.0,0.0
402,0.0,0.0,0.0
805,0.0,0.0,0.0
1412,662.0,0.0,0.0
1543,94.0,0.0,0.0
571,0.0,0.0,0.0
350,0.0,0.0,0.0
1700,139.0,0.0,0.0
1686,233.0,3.0,40.0
2235,0.0,0.0,0.0
1803,2334.0,26.0,65.0
2,231.0,0.0,0.0
2138,0.0,0.0,0.0
1933,609.0,0.0,0.0
2253,954.0,0.0,0.0
1345,0.0,0.0,0.0
1348,0.0,0.0,0.0
473,613.0,46.0,112.0
861,279.0,37.0,4.0
660,0.0,0.0,0.0
37,800.0,0.0,0.0
792,1.0,0.0,0.0
992,0.0,0.0,0.0
347,502.0,25.0,40.0
1126,315.0,0.0,0.0
466,0.0,0.0,0.0
465,0.0,0.0,0.0
2387,697.0,16.0,45.0
631,0.0,0.0,0.0
1688,747.0,0.0,0.0
1204,429.0,0.0,0.0
1779,0.0,0.0,0.0
1756,595.0,44.0,9.0
995,107.0,0.0,0.0
35,227.0,0.0,0.0
717,330.0,22.0,5.0
1784,0.0,0.0,0.0
353,0.0,0.0,0.0
2168,235.0,0.0,0.0
1116,0.0,0.0,0.0
674,1234.0,0.0,0.0
665,0.0,0.0,0.0
1911,1813.0,33.0,3.0
66,1484.0,33.0,15.0
239,526.0,21.0,20.0
2388,0.0,0.0,0.0
1227,909.0,0.0,0.0
2019,0.0,0.0,0.0
2275,711.0,0.0,0.0
1719,761.0,32.0,6.0
1918,0.0,0.0,0.0
276,0.0,0.0,0.0
835,565.0,0.0,0.0
874,102.0,9.0,8.0
921,0.0,0.0,0.0
1896,0.0,0.0,0.0
2370,0.0,0.0,0.0
1188,0.0,0.0,0.0
1369,908.0,19.0,30.0
2198,0.0,0.0,0.0
1086,0.0,0.0,0.0
1420,50.0,10.0,0.0
970,423.0,49.0,112.0
1945,399.0,34.0,7.0
2088,417.0,0.0,0.0
1921,0.0,0.0,0.0
884,0.0,0.0,0.0
1919,556.0,0.0,0.0
374,464.0,55.0,32.0
1030,0.0,0.0,0.0
819,561.0,36.0,70.0
1771,424.0,37.0,17.0
1646,0.0,0.0,0.0
539,439.0,0.0,0.0
275,2223.0,0.0,0.0
1537,1017.0,38.0,5.0
839,0.0,0.0,0.0
1843,0.0,0.0,0.0
394,0.0,0.0,0.0
1216,2884.0,0.0,0.0
2077,0.0,0.0,0.0
2156,0.0,0.0,0.0
1705,0.0,0.0,0.0
126,0.0,0.0,0.0
2000,238.0,20.0,3.0
988,0.0,0.0,0.0
255,0.0,0.0,0.0
1332,0.0,0.0,0.0
1749,35.0,2.0,0.0
2340,560.0,24.0,62.0
1453,330.0,0.0,0.0
2389,915.0,0.0,0.0
1144,0.0,0.0,0.0
104,0.0,0.0,0.0
900,539.0,0.0,0.0
743,0.0,0.0,0.0
2281,217.0,17.0,67.0
1025,0.0,0.0,0.0
1476,0.0,0.0,0.0
137,0.0,0.0,0.0
1226,317.0,27.0,13.0
1407,0.0,0.0,0.0
554,205.0,5.0,0.0
141,0.0,0.0,0.0
461,1478.0,0.0,0.0
280,412.0,0.0,0.0
1525,652.0,41.0,115.0
2181,0.0,0.0,0.0
117,0.0,0.0,0.0
1090,1121.0,29.0,10.0
1829,0.0,0.0,0.0
2217,4.0,0.0,0.0
486,0.0,0.0,0.0
2201,0.0,0.0,0.0
2015,0.0,0.0,0.0
1856,735.0,44.0,9.0
299,0.0,0.0,0.0
1441,0.0,0.0,0.0
647,83.0,0.0,0.0
1536,355.0,5.0,5.0
113,670.0,41.0,7.0
1816,374.0,16.0,15.0
1155,911.0,51.0,65.0
1372,397.0,0.0,0.0
1915,1929.0,22.0,120.0
484,0.0,0.0,0.0
1773,0.0,0.0,0.0
586,0.0,0.0,0.0
2244,347.0,19.0,60.0
105,0.0,0.0,0.0
281,239.0,12.0,34.0
897,2101.0,0.0,0.0
94,694.0,0.0,0.0
1267,430.0,0.0,0.0
1119,0.0,0.0,0.0
853,0.0,0.0,0.0
547,290.0,0.0,0.0
476,0.0,0.0,0.0
685,0.0,0.0,0.0
265,249.0,10.0,15.0
2061,0.0,0.0,0.0
1733,171.0,0.0,0.0
834,0.0,0.0,0.0
1968,0.0,0.0,0.0
1259,1719.0,0.0,0.0
1224,519.0,0.0,0.0
1838,0.0,0.0,0.0
2022,0.0,0.0,0.0
1254,394.0,16.0,29.0
2211,0.0,0.0,0.0
2171,0.0,0.0,0.0
453,900.0,0.0,0.0
1762,0.0,0.0,0.0
2268,0.0,0.0,0.0
2359,847.0,43.0,102.0
1730,1680.0,24.0,14.0
2056,2482.0,0.0,0.0
1891,119.0,2.0,0.0
518,632.0,31.0,7.0
829,0.0,0.0,0.0
2372,0.0,0.0,0.0
1424,0.0,0.0,0.0
923,706.0,30.0,21.0
1711,0.0,0.0,0.0
2289,1068.0,0.0,0.0
1959,0.0,0.0,0.0
783,180.0,0.0,0.0
557,0.0,0.0,0.0
2335,0.0,0.0,0.0
2380,0.0,0.0,0.0
1137,0.0,0.0,0.0
1975,0.0,0.0,0.0
943,451.0,30.0,105.0
2328,0.0,0.0,0.0
2165,0.0,0.0,0.0
1445,606.0,24.0,15.0
1404,772.0,56.0,32.0
61,0.0,0.0,0.0
598,350.0,0.0,0.0
58,0.0,0.0,0.0
1022,295.0,46.0,43.0
802,0.0,0.0,0.0
1745,0.0,0.0,0.0
566,0.0,0.0,0.0
1932,204.0,0.0,0.0
491,907.0,0.0,0.0
1064,422.0,41.0,4.0
688,247.0,21.0,4.0
1419,7.0,0.0,0.0
1491,0.0,0.0,0.0
979,0.0,0.0,0.0
975,236.0,0.0,0.0
1191,651.0,0.0,0.0
1156,0.0,0.0,0.0
1320,1047.0,40.0,55.0
2342,0.0,0.0,0.0
543,0.0,0.0,0.0
2039,0.0,0.0,0.0
620,336.0,17.0,58.0
448,706.0,31.0,18.0
1970,0.0,0.0,0.0
167,0.0,0.0,0.0
712,0.0,0.0,0.0
1676,541.0,0.0,0.0
9,508.0,37.0,80.0
1066,219.0,0.0,0.0
1774,0.0,0.0,0.0
333,578.0,35.0,57.0
2055,0.0,0.0,0.0
118,433.0,0.0,0.0
2318,686.0,0.0,0.0
2219,745.0,0.0,0.0
1057,798.0,0.0,0.0
59,0.0,0.0,0.0
1048,0.0,0.0,0.0
659,0.0,0.0,0.0
418,1409.0,0.0,0.0
682,0.0,0.0,0.0
912,0.0,0.0,0.0
2364,0.0,0.0,0.0
525,189.0,0.0,0.0
2135,0.0,0.0,0.0
1262,1297.0,18.0,6.0
1014,460.0,0.0,0.0
524,0.0,0.0,0.0
230,0.0,0.0,0.0
470,0.0,0.0,0.0
179,0.0,0.0,0.0
1321,234.0,16.0,63.0
1639,1888.0,45.0,155.0
1410,413.0,0.0,0.0
2197,718.0,0.0,0.0
1800,0.0,0.0,0.0
334,0.0,0.0,0.0
1130,0.0,0.0,0.0
1548,487.0,21.0,12.0
1865,99.0,4.0,0.0
1542,514.0,0.0,0.0
1146,1632.0,31.0,17.0
753,0.0,0.0,0.0
925,0.0,0.0,0.0
628,85.0,10.0,21.0
307,0.0,0.0,0.0
1976,0.0,0.0,0.0
1877,0.0,0.0,0.0
529,116.0,0.0,0.0
652,52.0,0.0,0.0
1266,0.0,0.0,0.0
500,733.0,14.0,8.0
515,248.0,22.0,10.0
2091,0.0,0.0,0.0
2083,0.0,0.0,0.0
1335,467.0,5.0,0.0
459,0.0,0.0,0.0
1557,0.0,0.0,0.0
1715,0.0,0.0,0.0
1926,936.0,49.0,15.0
90,319.0,48.0,16.0
1175,1191.0,0.0,0.0
1309,0.0,0.0,0.0
1485,762.0,53.0,100.0
1753,259.0,12.0,5.0
2248,706.0,40.0,21.0
1356,379.0,0.0,0.0
1405,0.0,0.0,0.0
1234,644.0,41.0,53.0
196,0.0,0.0,0.0
1190,1700.0,23.0,130.0
624,946.0,47.0,138.0
301,0.0,0.0,0.0
1516,970.0,49.0,27.0
587,0.0,0.0,0.0
1260,900.0,30.0,183.0
2021,47.0,0.0,0.0
1668,720.0,0.0,0.0
115,0.0,0.0,0.0
2350,0.0,0.0,0.0
888,0.0,0.0,0.0
505,0.0,0.0,0.0
1304,759.0,44.0,33.0
2283,238.0,12.0,5.0
1626,0.0,0.0,0.0
1833,0.0,0.0,0.0
267,33.0,0.0,0.0
822,0.0,0.0,0.0
1895,0.0,0.0,0.0
1349,311.0,0.0,0.0
675,0.0,0.0,0.0
383,592.0,13.0,22.0
1903,0.0,0.0,0.0
549,0.0,0.0,0.0
204,330.0,0.0,0.0
908,573.0,0.0,0.0
2187,266.0,0.0,0.0
936,276.0,13.0,25.0
1233,0.0,0.0,0.0
965,0.0,0.0,0.0
1275,481.0,0.0,0.0
1138,0.0,0.0,0.0
382,583.0,44.0,82.0
767,276.0,34.0,32.0
1805,292.0,7.0,0.0
1549,0.0,0.0,0.0
1685,339.0,0.0,0.0
13,469.0,16.0,20.0
1678,0.0,0.0,0.0
316,0.0,0.0,0.0
1797,165.0,0.0,0.0
363,0.0,0.0,0.0
1449,0.0,0.0,0.0
2278,349.0,28.0,62.0
2161,741.0,37.0,22.0
153,887.0,8.0,6.0
380,0.0,0.0,0.0
2080,2456.0,0.0,0.0
365,635.0,33.0,25.0
73,571.0,0.0,0.0
1273,1145.0,19.0,17.0
984,1501.0,13.0,2.0
2349,21.0,4.0,0.0
1781,0.0,0.0,0.0
439,455.0,33.0,25.0
1002,0.0,0.0,0.0
1111,2192.0,39.0,27.0
1189,0.0,0.0,0.0
1427,0.0,0.0,0.0
1303,414.0,3.0,5.0
1232,0.0,0.0,0.0
1855,0.0,0.0,0.0
1107,452.0,0.0,0.0
769,391.0,46.0,19.0
1016,2084.0,52.0,10.0
2232,0.0,0.0,0.0
2157,816.0,0.0,0.0
1744,544.0,32.0,12.0
2159,0.0,0.0,0.0
2234,0.0,0.0,0.0
1282,1164.0,0.0,0.0
1712,120.0,0.0,0.0
1023,0.0,0.0,0.0
1729,199.0,10.0,0.0
211,188.0,0.0,0.0
844,336.0,42.0,68.0
155,348.0,0.0,0.0
184,729.0,0.0,0.0
1071,544.0,0.0,0.0
1013,4.0,0.0,0.0
563,0.0,0.0,0.0
1307,690.0,54.0,15.0
1650,0.0,0.0,0.0
929,94.0,1.0,0.0
1978,0.0,0.0,0.0
417,941.0,50.0,50.0
1760,2221.0,26.0,37.0
1316,0.0,0.0,0.0
311,393.0,0.0,0.0
2185,0.0,0.0,0.0
1830,2008.0,0.0,0.0
373,0.0,0.0,0.0
2112,249.0,0.0,0.0
2176,40.0,0.0,0.0
1179,0.0,0.0,0.0
2385,0.0,0.0,0.0
1389,711.0,0.0,0.0
920,730.0,0.0,0.0
2133,876.0,37.0,51.0
1694,0.0,0.0,0.0
1820,527.0,0.0,0.0
851,737.0,0.0,0.0
1619,0.0,0.0,0.0
991,0.0,0.0,0.0
433,107.0,11.0,0.0
559,180.0,20.0,12.0
278,0.0,0.0,0.0
1897,0.0,0.0,0.0
1323,0.0,0.0,0.0
1986,0.0,0.0,0.0
1486,0.0,0.0,0.0
1132,0.0,0.0,0.0
1461,385.0,0.0,0.0
739,0.0,0.0,0.0
758,90.0,0.0,0.0
1140,554.0,0.0,0.0
2344,854.0,0.0,0.0
905,0.0,0.0,0.0
1123,195.0,17.0,25.0
1322,0.0,0.0,0.0
810,802.0,43.0,32.0
1252,801.0,0.0,0.0
1960,63.0,3.0,5.0
343,777.0,48.0,12.0
1859,0.0,0.0,0.0
1925,1548.0,15.0,86.0
634,0.0,0.0,0.0
1083,0.0,0.0,0.0
351,89.0,0.0,0.0
80,0.0,0.0,0.0
1597,0.0,0.0,0.0
1182,444.0,0.0,0.0
681,0.0,0.0,0.0
689,454.0,21.0,2.0
1046,0.0,0.0,0.0
1247,0.0,0.0,0.0
1222,404.0,0.0,0.0
2374,76.0,0.0,0.0
467,129.0,0.0,0.0
1444,444.0,14.0,67.0
579,2024.0,12.0,9.0
611,592.0,43.0,72.0
103,1372.0,0.0,0.0
92,0.0,0.0,0.0
516,0.0,0.0,0.0
193,0.0,0.0,0.0
39,495.0,0.0,0.0
1510,932.0,0.0,0.0
1161,307.0,22.0,30.0
110,298.0,0.0,0.0
1568,0.0,0.0,0.0
591,1191.0,0.0,0.0
2290,0.0,0.0,0.0
891,0.0,0.0,0.0
2079,0.0,0.0,0.0
847,280.0,0.0,0.0
2261,119.0,0.0,0.0
1148,386.0,0.0,0.0
338,283.0,0.0,0.0
974,24.0,0.0,0.0
1695,184.0,0.0,0.0
1734,2269.0,41.0,14.0
1261,0.0,0.0,0.0
2012,770.0,0.0,0.0
742,345.0,8.0,25.0
462,978.0,48.0,26.0
1974,97.0,4.0,0.0
1371,1151.0,4.0,2.0
1385,0.0,0.0,0.0
875,0.0,0.0,0.0
903,0.0,0.0,0.0
202,0.0,0.0,0.0
1112,287.0,10.0,1.0
880,174.0,0.0,0.0
2169,0.0,0.0,0.0
942,0.0,0.0,0.0
1623,842.0,37.0,104.0
1518,0.0,0.0,0.0
1286,0.0,0.0,0.0
1300,568.0,48.0,49.0
1169,0.0,0.0,0.0
740,440.0,40.0,130.0
1127,225.0,0.0,0.0
534,344.0,0.0,0.0
1992,0.0,0.0,0.0
2180,0.0,0.0,0.0
146,0.0,0.0,0.0
1726,0.0,0.0,0.0
1672,0.0,0.0,0.0
20,221.0,0.0,0.0
553,0.0,0.0,0.0
1546,509.0,27.0,56.0
1793,866.0,46.0,26.0
2233,0.0,0.0,0.0
2324,709.0,0.0,0.0
699,517.0,0.0,0.0
1465,1637.0,47.0,8.0
614,0.0,0.0,0.0
2090,222.0,11.0,50.0
2170,0.0,0.0,0.0
217,466.0,0.0,0.0
1129,0.0,0.0,0.0
1980,0.0,0.0,0.0
229,3487.0,0.0,0.0
452,0.0,0.0,0.0
1937,497.0,20.0,7.0
725,0.0,0.0,0.0
412,591.0,49.0,130.0
969,459.0,25.0,65.0
328,0.0,0.0,0.0
2313,0.0,0.0,0.0
493,0.0,0.0,0.0
2147,0.0,0.0,0.0
2352,0.0,0.0,0.0
254,0.0,0.0,0.0
2285,938.0,42.0,100.0
1954,230.0,14.0,9.0
242,529.0,0.0,0.0
1001,555.0,49.0,31.0
1732,687.0,44.0,172.0
244,851.0,47.0,22.0
5,0.0,0.0,0.0
1659,0.0,0.0,0.0
147,0.0,0.0,0.0
795,0.0,0.0,0.0
2310,0.0,0.0,0.0
1533,0.0,0.0,0.0
1277,591.0,39.0,37.0
2175,0.0,0.0,0.0
127,682.0,41.0,158.0
441,563.0,0.0,0.0
1425,0.0,0.0,0.0
760,0.0,0.0,0.0
1435,0.0,0.0,0.0
698,0.0,0.0,0.0
1579,844.0,14.0,42.0
811,0.0,0.0,0.0
1212,0.0,0.0,0.0
612,0.0,0.0,0.0
1562,0.0,0.0,0.0
38,1562.0,29.0,30.0
821,215.0,0.0,0.0
2391,0.0,0.0,0.0
1452,0.0,0.0,0.0
396,0.0,0.0,0.0
1439,0.0,0.0,0.0
1524,0.0,0.0,0.0
858,0.0,0.0,0.0
1430,747.0,0.0,0.0
959,0.0,0.0,0.0
788,0.0,0.0,0.0
1707,0.0,0.0,0.0
593,0.0,0.0,0.0
508,517.0,22.0,26.0
837,0.0,0.0,0.0
1971,0.0,0.0,0.0
1209,0.0,0.0,0.0
1910,39.0,0.0,0.0
1377,0.0,0.0,0.0
2164,0.0,0.0,0.0
337,215.0,0.0,0.0
269,140.0,0.0,0.0
902,367.0,0.0,0.0
1625,0.0,0.0,0.0
1825,0.0,0.0,0.0
2151,1449.0,0.0,0.0
1942,0.0,0.0,0.0
1483,0.0,0.0,0.0
1731,694.0,0.0,0.0
2085,102.0,0.0,0.0
1339,0.0,0.0,0.0
887,538.0,21.0,20.0
228,607.0,0.0,0.0
1591,957.0,0.0,0.0
404,1279.0,24.0,6.0
150,1181.0,26.0,2.0
1513,771.0,0.0,0.0
1594,440.0,0.0,0.0
1905,196.0,4.0,4.0
790,45.0,4.0,0.0
2377,66.0,0.0,0.0
954,721.0,0.0,0.0
67,266.0,5.0,20.0
386,0.0,0.0,0.0
1386,0.0,0.0,0.0
735,0.0,0.0,0.0
1888,0.0,0.0,0.0
176,0.0,0.0,0.0
1811,331.0,28.0,90.0
1027,601.0,49.0,189.0
308,171.0,0.0,0.0
896,1137.0,45.0,2.0
1042,613.0,42.0,33.0
1828,0.0,0.0,0.0
304,0.0,0.0,0.0
1492,0.0,0.0,0.0
785,0.0,0.0,0.0
2241,979.0,26.0,23.0
731,0.0,0.0,0.0
709,2396.0,0.0,0.0
940,335.0,0.0,0.0
6,151.0,0.0,0.0
2251,596.0,0.0,0.0
588,0.0,0.0,0.0
64,156.0,0.0,0.0
1949,3.0,0.0,0.0
1914,0.0,0.0,0.0
1812,0.0,0.0,0.0
2361,310.0,30.0,30.0
2384,558.0,48.0,36.0
1723,0.0,0.0,0.0
617,0.0,0.0,0.0
1994,49.0,0.0,0.0
1520,17.0,1.0,0.0
2014,0.0,0.0,0.0
79,103.0,9.0,3.0
148,0.0,0.0,0.0
917,0.0,0.0,0.0
512,0.0,0.0,0.0
1620,111.0,0.0,0.0
253,690.0,53.0,13.0
1629,936.0,0.0,0.0
2152,189.0,11.0,19.0
2130,0.0,0.0,0.0
1370,741.0,42.0,90.0
1084,0.0,0.0,0.0
1675,884.0,0.0,0.0
1447,0.0,0.0,0.0
1416,0.0,0.0,0.0
934,443.0,44.0,52.0
410,149.0,15.0,0.0
1656,885.0,0.0,0.0
673,1276.0,0.0,0.0
156,0.0,0.0,0.0
1957,1196.0,25.0,24.0
749,0.0,0.0,0.0
260,0.0,0.0,0.0
203,0.0,0.0,0.0
610,1534.0,0.0,0.0
1893,0.0,0.0,0.0
82,0.0,0.0,0.0
985,160.0,22.0,19.0
2339,0.0,0.0,0.0
558,0.0,0.0,0.0
95,0.0,0.0,0.0
648,221.0,0.0,0.0
2376,531.0,0.0,0.0
1799,544.0,0.0,0.0
1422,457.0,23.0,50.0
1401,0.0,0.0,0.0
1547,2041.0,0.0,0.0
987,0.0,0.0,0.0
432,93.0,0.0,0.0
19,0.0,0.0,0.0
1769,2107.0,45.0,103.0
1526,0.0,0.0,0.0
233,287.0,37.0,28.0
235,0.0,0.0,0.0
27,100.0,10.0,4.0
636,0.0,0.0,0.0
1106,196.0,0.0,0.0
2116,164.0,4.0,0.0
608,68.0,0.0,0.0
2267,803.0,0.0,0.0
502,0.0,0.0,0.0
352,1075.0,42.0,180.0
1434,1132.0,26.0,9.0
2035,37.0,5.0,40.0
158,0.0,0.0,0.0
227,0.0,0.0,0.0
1170,0.0,0.0,0.0
2114,0.0,0.0,0.0
576,499.0,0.0,0.0
109,1058.0,0.0,0.0
1004,0.0,0.0,0.0
572,0.0,0.0,0.0
188,0.0,0.0,0.0
2163,0.0,0.0,0.0
1603,0.0,0.0,0.0
1652,544.0,43.0,81.0
1446,0.0,0.0,0.0
895,0.0,0.0,0.0
1076,462.0,0.0,0.0
662,1660.0,0.0,0.0
1798,0.0,0.0,0.0
2092,815.0,36.0,63.0
371,582.0,54.0,36.0
2270,246.0,0.0,0.0
1413,690.0,0.0,0.0
2125,0.0,0.0,0.0
1096,47.0,0.0,0.0
1210,1082.0,24.0,37.0
1087,727.0,32.0,33.0
621,0.0,0.0,0.0
2094,0.0,0.0,0.0
1643,0.0,0.0,0.0
1195,0.0,0.0,0.0
951,0.0,0.0,0.0
195,14.0,0.0,0.0
1936,1144.0,19.0,6.0
677,80.0,4.0,0.0
129,0.0,0.0,0.0
1653,0.0,0.0,0.0
300,0.0,0.0,0.0
1507,0.0,0.0,0.0
1194,0.0,0.0,0.0
2134,0.0,0.0,0.0
506,0.0,0.0,0.0
2001,170.0,0.0,0.0
2078,714.0,0.0,0.0
1759,1664.0,48.0,90.0
1049,608.0,33.0,11.0
419,280.0,0.0,0.0
1061,1454.0,11.0,7.0
2288,1392.0,0.0,0.0
387,0.0,0.0,0.0
937,145.0,9.0,1.0
830,0.0,0.0,0.0
478,786.0,0.0,0.0
2293,2528.0,34.0,60.0
540,662.0,0.0,0.0
1758,0.0,0.0,0.0
1213,0.0,0.0,0.0
716,0.0,0.0,0.0
1008,0.0,0.0,0.0
1205,417.0,37.0,23.0
1328,76.0,19.0,0.0
670,431.0,46.0,183.0
1471,937.0,55.0,116.0
933,0.0,0.0,0.0
1109,0.0,0.0,0.0
63,0.0,0.0,0.0
503,0.0,0.0,0.0
1098,0.0,0.0,0.0
2363,0.0,0.0,0.0
293,241.0,4.0,20.0
762,0.0,0.0,0.0
1327,156.0,0.0,0.0
2279,561.0,0.0,0.0
603,21.0,0.0,0.0
1965,0.0,0.0,0.0
1669,1033.0,0.0,0.0
434,0.0,0.0,0.0
1955,0.0,0.0,0.0
1383,533.0,0.0,0.0
1272,0.0,0.0,0.0
99,0.0,0.0,0.0
1197,74.0,2.0,0.0
2178,704.0,0.0,0.0
87,0.0,0.0,0.0
1063,0.0,0.0,0.0
326,369.0,0.0,0.0
2048,2024.0,0.0,0.0
1869,0.0,0.0,0.0
2006,0.0,0.0,0.0
845,816.0,0.0,0.0
463,0.0,0.0,0.0
68,430.0,40.0,17.0
781,0.0,0.0,0.0
859,908.0,0.0,0.0
1721,481.0,26.0,8.0
1045,0.0,0.0,0.0
1094,41.0,0.0,0.0
2230,780.0,36.0,24.0
653,652.0,0.0,0.0
755,233.0,19.0,40.0
786,0.0,0.0,0.0
761,0.0,0.0,0.0
2030,793.0,47.0,9.0
1985,0.0,0.0,0.0
1658,451.0,45.0,65.0
2172,0.0,0.0,0.0
1241,772.0,40.0,107.0
1742,717.0,0.0,0.0
583,0.0,0.0,0.0
1288,0.0,0.0,0.0
403,452.0,26.0,130.0
1285,0.0,0.0,0.0
944,178.0,0.0,0.0
172,0.0,0.0,0.0
1673,0.0,0.0,0.0
2308,140.0,0.0,0.0
1225,434.0,0.0,0.0
1167,62.0,6.0,50.0
2262,938.0,0.0,0.0
2192,0.0,0.0,0.0
1998,0.0,0.0,0.0
1193,0.0,0.0,0.0
700,0.0,0.0,0.0
2064,0.0,0.0,0.0
1775,261.0,0.0,0.0
1661,111.0,0.0,0.0
416,0.0,0.0,0.0
545,0.0,0.0,0.0
580,0.0,0.0,0.0
52,0.0,0.0,0.0
485,0.0,0.0,0.0
2282,384.0,0.0,0.0
2005,0.0,0.0,0.0
2145,41.0,0.0,0.0
1270,738.0,44.0,80.0
1900,883.0,0.0,0.0
455,543.0,32.0,80.0
160,599.0,0.0,0.0
1746,772.0,0.0,0.0
1397,112.0,6.0,2.0
1470,0.0,0.0,0.0
732,270.0,5.0,20.0
2042,0.0,0.0,0.0
157,345.0,37.0,53.0
1120,839.0,25.0,16.0
666,0.0,0.0,0.0
1478,0.0,0.0,0.0
1801,749.0,39.0,16.0
1249,3459.0,47.0,14.0
1894,1225.0,16.0,2.0
1571,0.0,0.0,0.0
1506,0.0,0.0,0.0
2154,443.0,4.0,100.0
1297,60.0,8.0,25.0
723,644.0,0.0,0.0
1588,452.0,45.0,19.0
838,0.0,0.0,0.0
1876,0.0,0.0,0.0
1807,1280.0,53.0,65.0
2356,4599.0,34.0,9.0
1368,850.0,0.0,0.0
1824,601.0,0.0,0.0
327,0.0,0.0,0.0
2150,0.0,0.0,0.0
787,707.0,0.0,0.0
1916,0.0,0.0,0.0
2246,0.0,0.0,0.0
376,0.0,0.0,0.0
1228,148.0,7.0,3.0
1399,54.0,3.0,4.0
340,333.0,0.0,0.0
633,82.0,0.0,0.0
737,307.0,0.0,0.0
449,337.0,0.0,0.0
1667,382.0,0.0,0.0
1442,203.0,1.0,0.0
2067,528.0,0.0,0.0
2155,0.0,0.0,0.0
2007,0.0,0.0,0.0
894,0.0,0.0,0.0
765,286.0,33.0,145.0
1763,0.0,0.0,0.0
207,0.0,0.0,0.0
1747,0.0,0.0,0.0
510,0.0,0.0,0.0
303,490.0,0.0,0.0
1357,107.0,0.0,0.0
302,0.0,0.0,0.0
2295,763.0,25.0,9.0
536,79.0,11.0,3.0
1909,674.0,0.0,0.0
794,0.0,0.0,0.0
2043,735.0,0.0,0.0
264,0.0,0.0,0.0
972,0.0,0.0,0.0
214,0.0,0.0,0.0
1670,0.0,0.0,0.0
499,37.0,1.0,10.0
221,553.0,52.0,165.0
2325,0.0,0.0,0.0
2160,0.0,0.0,0.0
1761,0.0,0.0,0.0
2027,4.0,0.0,0.0
1835,902.0,24.0,27.0
366,371.0,0.0,0.0
1796,1654.0,0.0,0.0
1907,0.0,0.0,0.0
1236,0.0,0.0,0.0
815,0.0,0.0,0.0
919,0.0,0.0,0.0
1528,412.0,0.0,0.0
2381,0.0,0.0,0.0
836,0.0,0.0,0.0
2139,402.0,51.0,16.0
616,0.0,0.0,0.0
1462,0.0,0.0,0.0
313,867.0,15.0,5.0
865,0.0,0.0,0.0
1766,173.0,0.0,0.0
1329,548.0,32.0,21.0
831,0.0,0.0,0.0
2120,645.0,0.0,0.0
2245,0.0,0.0,0.0
2200,116.0,0.0,0.0
1550,0.0,0.0,0.0
718,30.0,2.0,10.0
213,0.0,0.0,0.0
1701,1819.0,0.0,0.0
2058,0.0,0.0,0.0
446,788.0,0.0,0.0
1743,0.0,0.0,0.0
672,0.0,0.0,0.0
504,452.0,43.0,65.0
649,603.0,54.0,8.0
268,92.0,0.0,0.0
2378,0.0,0.0,0.0
85,0.0,0.0,0.0
691,0.0,0.0,0.0
2033,683.0,0.0,0.0
1540,0.0,0.0,0.0
2354,704.0,0.0,0.0
1641,0.0,0.0,0.0
2051,792.0,0.0,0.0
98,0.0,0.0,0.0
2075,0.0,0.0,0.0
1585,0.0,0.0,0.0
1511,0.0,0.0,0.0
1122,0.0,0.0,0.0
1881,636.0,0.0,0.0
1947,0.0,0.0,0.0
220,91.0,0.0,0.0
1068,783.0,0.0,0.0
1217,0.0,0.0,0.0
530,1441.0,16.0,14.0
1912,0.0,0.0,0.0
1290,0.0,0.0,0.0
930,511.0,0.0,0.0
1640,629.0,38.0,72.0
2199,520.0,51.0,25.0
1703,0.0,0.0,0.0
1029,460.0,0.0,0.0
258,0.0,0.0,0.0
911,3858.0,0.0,0.0
797,0.0,0.0,0.0
411,561.0,0.0,0.0
123,433.0,0.0,0.0
1344,0.0,0.0,0.0
800,934.0,0.0,0.0
913,0.0,0.0,0.0
1089,197.0,15.0,5.0
1467,0.0,0.0,0.0
496,0.0,0.0,0.0
1556,0.0,0.0,0.0
393,0.0,0.0,0.0
1497,0.0,0.0,0.0
246,0.0,0.0,0.0
2142,1103.0,46.0,22.0
589,0.0,0.0,0.0
519,0.0,0.0,0.0
497,268.0,21.0,5.0
1565,0.0,0.0,0.0
1527,1302.0,33.0,3.0
977,1438.0,23.0,65.0
1725,0.0,0.0,0.0
1624,317.0,24.0,20.0
318,11.0,0.0,0.0
24,0.0,0.0,0.0
1059,433.0,55.0,60.0
2153,348.0,17.0,15.0
1728,0.0,0.0,0.0
1381,936.0,0.0,0.0
1792,1346.0,21.0,30.0
864,930.0,48.0,23.0
569,976.0,0.0,0.0
2220,0.0,0.0,0.0
751,737.0,44.0,15.0
2386,272.0,19.0,3.0
1778,0.0,0.0,0.0
1618,0.0,0.0,0.0
1214,825.0,56.0,8.0
144,0.0,0.0,0.0
261,439.0,28.0,13.0
161,1802.0,0.0,0.0
2345,0.0,0.0,0.0
2103,967.0,0.0,0.0
1632,465.0,0.0,0.0
1515,0.0,0.0,0.0
1153,0.0,0.0,0.0
1813,0.0,0.0,0.0
1280,273.0,0.0,0.0
1848,289.0,0.0,0.0
701,213.0,25.0,14.0
1794,0.0,0.0,0.0
627,29.0,3.0,1.0
483,0.0,0.0,0.0
306,991.0,45.0,8.0
630,611.0,0.0,0.0
2327,0.0,0.0,0.0
1714,0.0,0.0,0.0
1124,0.0,0.0,0.0
697,0.0,0.0,0.0
803,0.0,0.0,0.0
474,0.0,0.0,0.0
1581,1145.0,33.0,58.0
1108,0.0,0.0,0.0
2026,23.0,0.0,0.0
638,280.0,0.0,0.0
231,365.0,19.0,63.0
1438,0.0,0.0,0.0
2228,0.0,0.0,0.0
125,0.0,0.0,0.0
240,0.0,0.0,0.0
2111,0.0,0.0,0.0
1302,0.0,0.0,0.0
2122,234.0,17.0,8.0
332,102.0,13.0,20.0
1567,420.0,48.0,55.0
1898,0.0,0.0,0.0
1740,422.0,35.0,13.0
722,0.0,0.0,0.0
1982,0.0,0.0,0.0
882,0.0,0.0,0.0
1804,673.0,34.0,75.0
561,233.0,21.0,12.0
395,189.0,0.0,0.0
947,796.0,0.0,0.0
2166,0.0,0.0,0.0
1409,0.0,0.0,0.0
1706,0.0,0.0,0.0
1428,0.0,0.0,0.0
1012,644.0,0.0,0.0
2379,678.0,45.0,27.0
2299,1475.0,20.0,12.0
1887,0.0,0.0,0.0
378,72.0,9.0,30.0
870,0.0,0.0,0.0
2311,0.0,0.0,0.0
199,694.0,0.0,0.0
982,972.0,0.0,0.0
1832,0.0,0.0,0.0
2177,1220.0,55.0,70.0
263,0.0,0.0,0.0
1983,0.0,0.0,0.0
479,0.0,0.0,0.0
252,642.0,0.0,0.0
1149,0.0,0.0,0.0
871,323.0,0.0,0.0
421,0.0,0.0,0.0
958,0.0,0.0,0.0
1458,0.0,0.0,0.0
2260,167.0,8.0,40.0
2129,390.0,0.0,0.0
613,0.0,0.0,0.0
967,261.0,9.0,6.0
833,0.0,0.0,0.0
2366,855.0,0.0,0.0
168,1231.0,32.0,75.0
1864,0.0,0.0,0.0
44,0.0,0.0,0.0
1279,240.0,21.0,36.0
48,925.0,0.0,0.0
1379,471.0,15.0,22.0
2068,722.0,0.0,0.0
801,899.0,44.0,110.0
1806,420.0,41.0,63.0
818,0.0,0.0,0.0
1067,0.0,0.0,0.0
1871,0.0,0.0,0.0
375,3127.0,33.0,77.0
2265,199.0,10.0,3.0
2179,0.0,0.0,0.0
1380,0.0,0.0,0.0
1229,699.0,0.0,0.0
2338,0.0,0.0,0.0
1361,0.0,0.0,0.0
866,0.0,0.0,0.0
2008,112.0,0.0,0.0
590,714.0,27.0,127.0
2355,881.0,45.0,128.0
1551,0.0,0.0,0.0
17,249.0,0.0,0.0
1866,0.0,0.0,0.0
560,109.0,0.0,0.0
927,0.0,0.0,0.0
2326,304.0,6.0,50.0
935,993.0,41.0,70.0
1085,935.0,51.0,6.0
464,609.0,40.0,95.0
511,948.0,43.0,200.0
1649,0.0,0.0,0.0
1040,0.0,0.0,0.0
1133,0.0,0.0,0.0
2184,0.0,0.0,0.0
1633,0.0,0.0,0.0
2258,0.0,0.0,0.0
1569,89.0,0.0,0.0
2348,327.0,0.0,0.0
2072,0.0,0.0,0.0
257,181.0,0.0,0.0
750,132.0,0.0,0.0
2118,0.0,0.0,0.0
1283,0.0,0.0,0.0
2357,1515.0,0.0,0.0
1660,0.0,0.0,0.0
1913,0.0,0.0,0.0
973,1912.0,31.0,90.0
1408,0.0,0.0,0.0
1128,0.0,0.0,0.0
2074,0.0,0.0,0.0
236,609.0,24.0,43.0
1767,0.0,0.0,0.0
2108,0.0,0.0,0.0
2329,0.0,0.0,0.0
578,0.0,0.0,0.0
310,0.0,0.0,0.0
552,0.0,0.0,0.0
2128,2810.0,24.0,14.0
1451,142.0,11.0,4.0
140,0.0,0.0,0.0
131,0.0,0.0,0.0
1539,0.0,0.0,0.0
1638,0.0,0.0,0.0
702,0.0,0.0,0.0
1997,464.0,44.0,54.0
909,0.0,0.0,0.0
454,0.0,0.0,0.0
2300,0.0,0.0,0.0
1021,0.0,0.0,0.0
1600,0.0,0.0,0.0
606,0.0,0.0,0.0
780,0.0,0.0,0.0
1036,0.0,0.0,0.0
1882,415.0,0.0,0.0
570,0.0,0.0,0.0
1906,0.0,0.0,0.0
775,0.0,0.0,0.0
2066,57.0,6.0,0.0
2096,0.0,0.0,0.0
2343,2009.0,42.0,31.0
1117,0.0,0.0,0.0
2146,498.0,44.0,6.0
2286,0.0,0.0,0.0
1147,64.0,0.0,0.0
1058,0.0,0.0,0.0
495,0.0,0.0,0.0
2127,494.0,52.0,10.0
1171,0.0,0.0,0.0
1564,121.0,0.0,0.0
1514,0.0,0.0,0.0
704,0.0,0.0,0.0
517,0.0,0.0,0.0
1555,831.0,48.0,38.0
1375,0.0,0.0,0.0
1482,0.0,0.0,0.0
2203,800.0,0.0,0.0
2141,0.0,0.0,0.0
1403,460.0,31.0,120.0
562,0.0,0.0,0.0
53,0.0,0.0,0.0
1713,107.0,6.0,2.0
175,555.0,0.0,0.0
857,0.0,0.0,0.0
107,0.0,0.0,0.0
1113,0.0,0.0,0.0
1697,1017.0,42.0,172.0
1503,0.0,0.0,0.0
2174,386.0,24.0,40.0
759,0.0,0.0,0.0
206,597.0,0.0,0.0
2274,0.0,0.0,0.0
1535,1215.0,51.0,65.0
1908,588.0,0.0,0.0
391,90.0,5.0,0.0
468,112.0,0.0,0.0
1930,339.0,0.0,0.0
413,0.0,0.0,0.0
2360,40.0,0.0,0.0
1589,316.0,0.0,0.0
1880,727.0,43.0,8.0
2037,0.0,0.0,0.0
1614,166.0,13.0,0.0
1269,476.0,0.0,0.0
1271,0.0,0.0,0.0
469,0.0,0.0,0.0
2296,86.0,0.0,0.0
551,210.0,0.0,0.0
1020,0.0,0.0,0.0
1184,0.0,0.0,0.0
2375,0.0,0.0,0.0
279,575.0,55.0,10.0
331,513.0,9.0,28.0
2095,0.0,0.0,0.0
1330,340.0,0.0,0.0
854,0.0,0.0,0.0
773,0.0,0.0,0.0
1587,247.0,9.0,3.0
2045,68.0,0.0,0.0
1151,129.0,0.0,0.0
1979,367.0,0.0,0.0
1935,479.0,48.0,4.0
1238,85.0,0.0,0.0
711,604.0,16.0,34.0
867,818.0,31.0,140.0
1663,48.0,2.0,0.0
2301,0.0,0.0,0.0
806,118.0,0.0,0.0
205,0.0,0.0,0.0
1028,792.0,0.0,0.0
548,182.0,0.0,0.0
1904,3.0,3.0,0.0
2016,1103.0,14.0,33.0
329,0.0,0.0,0.0
3,0.0,0.0,0.0
1079,347.0,0.0,0.0
945,0.0,0.0,0.0
359,0.0,0.0,0.0
522,0.0,0.0,0.0
1423,434.0,8.0,0.0
234,0.0,0.0,0.0
2266,0.0,0.0,0.0
401,51.0,1.0,0.0
1105,0.0,0.0,0.0
1136,378.0,22.0,35.0
2215,0.0,0.0,0.0
733,0.0,0.0,0.0
186,920.0,22.0,9.0
385,0.0,0.0,0.0
315,0.0,0.0,0.0
370,0.0,0.0,0.0
443,0.0,0.0,0.0
2097,0.0,0.0,0.0
201,0.0,0.0,0.0
1890,929.0,0.0,0.0
212,1047.0,53.0,43.0
2259,1751.0,23.0,3.0
1031,0.0,0.0,0.0
149,0.0,0.0,0.0
2214,533.0,0.0,0.0
1879,131.0,0.0,0.0
296,1138.0,0.0,0.0
513,0.0,0.0,0.0
1268,129.0,0.0,0.0
1364,0.0,0.0,0.0
414,0.0,0.0,0.0
1070,148.0,7.0,2.0
1941,219.0,9.0,8.0
998,0.0,0.0,0.0
714,0.0,0.0,0.0
1139,1610.0,0.0,0.0
2100,0.0,0.0,0.0
1993,0.0,0.0,0.0
1060,0.0,0.0,0.0
1221,0.0,0.0,0.0
555,562.0,0.0,0.0
489,775.0,0.0,0.0
615,0.0,0.0,0.0
2110,0.0,0.0,0.0
939,0.0,0.0,0.0
1145,929.0,45.0,34.0
270,14.0,0.0,0.0
2162,231.0,17.0,8.0
1154,662.0,0.0,0.0
72,0.0,0.0,0.0
297,0.0,0.0,0.0
1324,0.0,0.0,0.0
1192,0.0,0.0,0.0
369,0.0,0.0,0.0
2194,1716.0,0.0,0.0
36,176.0,19.0,0.0
1822,0.0,0.0,0.0
119,0.0,0.0,0.0
2316,233.0,5.0,25.0
8,380.0,10.0,53.0
1617,0.0,0.0,0.0
680,0.0,0.0,0.0
1973,0.0,0.0,0.0
2269,1276.0,9.0,3.0
885,0.0,0.0,0.0
686,0.0,0.0,0.0
1044,1787.0,15.0,35.0
931,893.0,41.0,6.0
1334,0.0,0.0,0.0
521,0.0,0.0,0.0
1142,1238.0,0.0,0.0
357,656.0,32.0,23.0
906,0.0,0.0,0.0
1199,828.0,0.0,0.0
1360,594.0,42.0,162.0
1817,0.0,0.0,0.0
2099,799.0,0.0,0.0
782,628.0,0.0,0.0
1810,0.0,0.0,0.0
2319,0.0,0.0,0.0
575,500.0,0.0,0.0
715,252.0,25.0,55.0
247,0.0,0.0,0.0
1704,568.0,13.0,3.0
1878,0.0,0.0,0.0
2207,0.0,0.0,0.0
2144,0.0,0.0,0.0
1765,245.0,15.0,12.0
2050,0.0,0.0,0.0
978,286.0,0.0,0.0
42,0.0,0.0,0.0
1969,0.0,0.0,0.0
181,426.0,0.0,0.0
2025,134.0,6.0,30.0
2073,281.0,29.0,28.0
832,1585.0,0.0,0.0
1240,30.0,0.0,0.0
1847,0.0,0.0,0.0
2057,231.0,4.0,3.0
134,949.0,20.0,8.0
804,0.0,0.0,0.0
133,62.0,0.0,0.0
1851,0.0,0.0,0.0
360,0.0,0.0,0.0
198,436.0,11.0,50.0
2242,0.0,0.0,0.0
941,163.0,19.0,6.0
546,189.0,0.0,0.0
582,81.0,6.0,9.0
1093,1008.0,52.0,9.0
2277,0.0,0.0,0.0
1264,752.0,39.0,15.0
756,289.0,0.0,0.0
1257,22.0,4.0,10.0
372,0.0,0.0,0.0
166,0.0,0.0,0.0
145,0.0,0.0,0.0
2337,0.0,0.0,0.0
480,0.0,0.0,0.0
1376,380.0,0.0,0.0
1293,0.0,0.0,0.0
237,0.0,0.0,0.0
828,122.0,13.0,40.0
667,17.0,1.0,13.0
43,0.0,0.0,0.0
1789,52.0,0.0,0.0
1312,0.0,0.0,0.0
2243,393.0,33.0,8.0
1050,0.0,0.0,0.0
907,0.0,0.0,0.0
163,0.0,0.0,0.0
2255,1616.0,0.0,0.0
2038,329.0,0.0,0.0
152,0.0,0.0,0.0
106,31.0,0.0,0.0
1929,266.0,9.0,10.0
1544,430.0,50.0,85.0
259,0.0,0.0,0.0
602,0.0,0.0,0.0
389,0.0,0.0,0.0
2298,105.0,0.0,0.0
1948,121.0,23.0,2.0
1157,448.0,36.0,13.0
481,0.0,0.0,0.0
956,233.0,22.0,30.0
1325,0.0,0.0,0.0
1244,0.0,0.0,0.0
671,0.0,0.0,0.0
1358,0.0,0.0,0.0
2392,0.0,0.0,0.0
2190,349.0,25.0,9.0
182,0.0,0.0,0.0
1005,147.0,20.0,2.0
314,0.0,0.0,0.0
291,0.0,0.0,0.0
1359,0.0,0.0,0.0
1809,2830.0,32.0,12.0
538,430.0,0.0,0.0
164,60.0,0.0,0.0
814,0.0,0.0,0.0
215,0.0,0.0,0.0
1082,557.0,0.0,0.0
55,0.0,0.0,0.0
1440,0.0,0.0,0.0
377,160.0,0.0,0.0
1607,0.0,0.0,0.0
1306,944.0,0.0,0.0
494,1004.0,0.0,0.0
1702,0.0,0.0,0.0
1886,565.0,22.0,0.0
764,12.0,0.0,10.0
623,0.0,0.0,0.0
1047,0.0,0.0,0.0
2041,0.0,0.0,0.0
1246,2694.0,0.0,0.0
2304,0.0,0.0,0.0
1165,0.0,0.0,0.0
1319,0.0,0.0,0.0
1529,0.0,0.0,0.0
282,0.0,0.0,0.0
650,17.0,1.0,3.0
2294,0.0,0.0,0.0
763,212.0,6.0,0.0
1818,0.0,0.0,0.0
1505,20.0,2.0,0.0
1231,0.0,0.0,0.0
83,992.0,56.0,34.0
1426,0.0,0.0,0.0
4,0.0,0.0,0.0
2081,604.0,25.0,40.0
415,314.0,56.0,45.0
1519,0.0,0.0,0.0
1235,475.0,11.0,40.0
746,0.0,0.0,0.0
1860,0.0,0.0,0.0
817,0.0,0.0,0.0
1429,641.0,0.0,0.0
1477,3080.0,33.0,110.0
191,514.0,27.0,0.0
185,0.0,0.0,0.0
1484,271.0,19.0,18.0
1642,22.0,0.0,0.0
840,0.0,0.0,0.0
2101,127.0,0.0,0.0
2084,467.0,45.0,82.0
1346,30.0,0.0,0.0
826,232.0,0.0,0.0
274,0.0,0.0,0.0
1961,0.0,0.0,0.0
1827,325.0,0.0,0.0
121,453.0,43.0,29.0
2087,0.0,0.0,0.0
778,0.0,0.0,0.0
771,873.0,0.0,0.0
986,735.0,0.0,0.0
1846,258.0,9.0,5.0
1450,556.0,31.0,13.0
953,0.0,0.0,0.0
1671,0.0,0.0,0.0
1946,845.0,28.0,30.0
1088,2074.0,0.0,0.0
1802,0.0,0.0,0.0
51,0.0,0.0,0.0
2054,0.0,0.0,0.0
2353,860.0,0.0,0.0
2052,306.0,4.0,3.0
1875,318.0,0.0,0.0
1342,1212.0,0.0,0.0
1999,0.0,0.0,0.0
1512,773.0,16.0,55.0
1681,421.0,21.0,19.0
1990,0.0,0.0,0.0
1078,0.0,0.0,0.0
2341,165.0,0.0,0.0
2183,0.0,0.0,0.0
533,0.0,0.0,0.0
2191,0.0,0.0,0.0
1459,143.0,4.0,0.0
2205,355.0,23.0,3.0
1839,0.0,0.0,0.0
209,623.0,0.0,0.0
1637,0.0,0.0,0.0
661,0.0,0.0,0.0
1200,0.0,0.0,0.0
1500,1376.0,0.0,0.0
1768,0.0,0.0,0.0
727,0.0,0.0,0.0
438,0.0,0.0,0.0
2188,0.0,0.0,0.0
1489,588.0,20.0,60.0
2212,735.0,51.0,38.0
210,1200.0,47.0,23.0
2213,0.0,0.0,0.0
1901,0.0,0.0,0.0
1150,319.0,8.0,3.0
1950,207.0,0.0,0.0
1739,0.0,0.0,0.0
1595,0.0,0.0,0.0
2018,0.0,0.0,0.0
2306,827.0,61.0,62.0
1521,310.0,28.0,7.0
1610,986.0,0.0,0.0
1490,0.0,0.0,0.0
1095,0.0,0.0,0.0
2063,0.0,0.0,0.0
1837,820.0,19.0,67.0
1602,269.0,19.0,6.0
640,0.0,0.0,0.0
1867,0.0,0.0,0.0
2272,0.0,0.0,0.0
65,565.0,38.0,27.0
1464,263.0,9.0,90.0
1934,562.0,11.0,28.0
793,0.0,0.0,0.0
2358,0.0,0.0,0.0
2040,1259.0,0.0,0.0
1495,499.0,14.0,95.0
458,0.0,0.0,0.0
2334,0.0,0.0,0.0
178,692.0,37.0,145.0
1922,240.0,5.0,3.0
355,931.0,56.0,160.0
102,188.0,12.0,20.0
1052,284.0,14.0,25.0
745,329.0,0.0,0.0
154,188.0,22.0,23.0
2126,0.0,0.0,0.0
2369,0.0,0.0,0.0
200,0.0,0.0,0.0
2365,597.0,34.0,3.0
2257,0.0,0.0,0.0
1844,1002.0,0.0,0.0
1972,2207.0,53.0,61.0
1081,624.0,0.0,0.0
285,0.0,0.0,0.0
846,441.0,40.0,40.0
1054,0.0,0.0,0.0
635,0.0,0.0,0.0
720,436.0,0.0,0.0
918,14.0,1.0,0.0
2206,0.0,0.0,0.0
2273,0.0,0.0,0.0
1752,188.0,0.0,0.0
1786,509.0,0.0,0.0
1575,51.0,0.0,0.0
2362,188.0,7.0,0.0
1103,378.0,25.0,37.0
1436,670.0,39.0,16.0
1696,0.0,0.0,0.0
724,0.0,0.0,0.0
2208,660.0,42.0,36.0
288,0.0,0.0,0.0
550,0.0,0.0,0.0
1009,0.0,0.0,0.0
342,305.0,0.0,0.0
1622,0.0,0.0,0.0
705,0.0,0.0,0.0
1152,0.0,0.0,0.0
423,0.0,0.0,0.0
1862,53.0,0.0,0.0
960,65.0,0.0,0.0
1326,451.0,0.0,0.0
581,0.0,0.0,0.0
173,0.0,0.0,0.0
1995,0.0,0.0,0.0
1496,114.0,7.0,5.0
1053,0.0,0.0,0.0
159,79.0,0.0,0.0
330,0.0,0.0,0.0
10,3107.0,19.0,11.0
1338,287.0,15.0,50.0
2189,0.0,0.0,0.0
2017,1691.0,0.0,0.0
2131,0.0,0.0,0.0
2254,748.0,21.0,43.0
664,18.0,0.0,0.0
1566,128.0,0.0,0.0
1265,1843.0,0.0,0.0
1596,0.0,0.0,0.0
1159,172.0,10.0,13.0
643,1059.0,38.0,40.0
899,1334.0,0.0,0.0
33,0.0,0.0,0.0
7,0.0,0.0,0.0
1964,0.0,0.0,0.0
1318,799.0,51.0,65.0
1872,654.0,10.0,55.0
346,0.0,0.0,0.0
2330,722.0,0.0,0.0
966,1096.0,0.0,0.0
1387,467.0,16.0,2.0
1560,888.0,0.0,0.0
192,0.0,0.0,0.0
601,78.0,3.0,0.0
2071,210.0,11.0,20.0
656,0.0,0.0,0.0
2044,530.0,0.0,0.0
1278,821.0,0.0,0.0
950,0.0,0.0,0.0
1967,0.0,0.0,0.0
915,252.0,21.0,5.0
1310,79.0,10.0,1.0
980,0.0,0.0,0.0
999,0.0,0.0,0.0
1454,52.0,0.0,0.0
1790,708.0,0.0,0.0
1772,0.0,0.0,0.0
2322,0.0,0.0,0.0
1051,1040.0,13.0,15.0
223,722.0,0.0,0.0
757,796.0,0.0,0.0
2010,198.0,0.0,0.0
1074,0.0,0.0,0.0
435,15.0,0.0,0.0
324,0.0,0.0,0.0
1504,321.0,16.0,7.0
872,785.0,0.0,0.0
1134,0.0,0.0,0.0
1854,0.0,0.0,0.0
69,0.0,0.0,0.0
768,0.0,0.0,0.0
2031,2531.0,0.0,0.0
1508,0.0,0.0,0.0
748,411.0,16.0,3.0
408,0.0,0.0,0.0
542,309.0,26.0,20.0
1987,0.0,0.0,0.0
232,0.0,0.0,0.0
1636,474.0,19.0,25.0
1944,1579.0,0.0,0.0
696,32.0,0.0,0.0
345,0.0,0.0,0.0
208,331.0,37.0,125.0
151,222.0,0.0,0.0
869,0.0,0.0,0.0
1554,0.0,0.0,0.0
1248,0.0,0.0,0.0
1186,0.0,0.0,0.0
989,0.0,0.0,0.0
344,764.0,0.0,0.0
1785,0.0,0.0,0.0
568,31.0,0.0,0.0
498,1154.0,31.0,42.0
901,0.0,0.0,0.0
1097,1104.0,30.0,78.0
514,950.0,0.0,0.0
440,504.0,0.0,0.0
1870,0.0,0.0,0.0
180,377.0,0.0,0.0
171,88.0,0.0,0.0
1072,820.0,37.0,112.0
388,578.0,35.0,60.0
1352,732.0,0.0,0.0
444,0.0,0.0,0.0
501,0.0,0.0,0.0
2119,0.0,0.0,0.0
2271,517.0,17.0,9.0
0,1355.0,0.0,0.0
319,0.0,0.0,0.0
626,0.0,0.0,0.0
2049,0.0,0.0,0.0
993,0.0,0.0,0.0
816,0.0,0.0,0.0
2291,0.0,0.0,0.0
218,0.0,0.0,0.0
695,355.0,0.0,0.0
406,70.0,5.0,0.0
2158,0.0,0.0,0.0
1219,0.0,0.0,0.0
776,0.0,0.0,0.0
893,213.0,13.0,10.0
101,438.0,0.0,0.0
646,0.0,0.0,0.0
1337,357.0,25.0,7.0
657,193.0,0.0,0.0
1092,0.0,0.0,0.0
752,0.0,0.0,0.0
573,0.0,0.0,0.0
1366,0.0,0.0,0.0
1115,0.0,0.0,0.0
981,36.0,0.0,10.0
1353,184.0,3.0,0.0
772,0.0,0.0,0.0
658,0.0,0.0,0.0
898,0.0,0.0,0.0
827,912.0,52.0,58.0
1208,0.0,0.0,0.0
2240,0.0,0.0,0.0
56,0.0,0.0,0.0
2082,0.0,0.0,0.0
1414,0.0,0.0,0.0
317,0.0,0.0,0.0
924,0.0,0.0,0.0
1917,0.0,0.0,0.0
249,0.0,0.0,0.0
1991,729.0,16.0,70.0
2223,0.0,0.0,0.0
1717,333.0,50.0,55.0
721,453.0,17.0,35.0
609,0.0,0.0,0.0
2346,701.0,13.0,6.0
964,0.0,0.0,0.0
843,0.0,0.0,0.0
1343,0.0,0.0,0.0
526,91.0,11.0,50.0
1931,0.0,0.0,0.0
97,777.0,45.0,22.0
1390,0.0,0.0,0.0
2136,256.0,0.0,0.0
2237,0.0,0.0,0.0
639,1293.0,0.0,0.0
2009,395.0,59.0,80.0
1962,0.0,0.0,0.0
2305,549.0,0.0,0.0
877,0.0,0.0,0.0
1628,797.0,0.0,0.0
1612,401.0,0.0,0.0
425,0.0,0.0,0.0
2047,549.0,0.0,0.0
1018,1895.0,0.0,0.0
2347,0.0,0.0,0.0
1101,142.0,0.0,0.0
744,1000.0,0.0,0.0
577,36.0,0.0,0.0
1347,0.0,0.0,0.0
2046,0.0,0.0,0.0
1396,0.0,0.0,0.0
1494,0.0,0.0,0.0
1874,455.0,38.0,43.0
1457,748.0,34.0,13.0
1284,726.0,0.0,0.0
2332,315.0,1.0,5.0
1479,0.0,0.0,0.0
692,0.0,0.0,0.0
730,1839.0,0.0,0.0
770,682.0,47.0,100.0
2383,1270.0,46.0,18.0
2102,0.0,0.0,0.0
1621,0.0,0.0,0.0
886,0.0,0.0,0.0
336,0.0,0.0,0.0
683,0.0,0.0,0.0
1841,666.0,0.0,0.0
400,544.0,51.0,35.0
1481,383.0,0.0,0.0
183,0.0,0.0,0.0
364,0.0,0.0,0.0
1741,0.0,0.0,0.0
1417,0.0,0.0,0.0
1850,0.0,0.0,0.0
2105,0.0,0.0,0.0
335,0.0,0.0,0.0
1748,0.0,0.0,0.0
305,248.0,30.0,18.0
1709,0.0,0.0,0.0
114,154.0,0.0,0.0
1362,781.0,42.0,42.0
1433,407.0,0.0,0.0
820,588.0,47.0,19.0
1996,0.0,0.0,0.0
238,48.0,0.0,0.0
693,0.0,0.0,0.0
11,0.0,0.0,0.0
2204,234.0,0.0,0.0
165,689.0,33.0,150.0
429,0.0,0.0,0.0
45,177.0,0.0,0.0
2137,403.0,16.0,0.0
1776,0.0,0.0,0.0
1821,2051.0,51.0,10.0
46,1243.0,0.0,0.0
1819,0.0,0.0,0.0
1183,2073.0,0.0,0.0
1665,1000.0,0.0,0.0
2373,520.0,0.0,0.0
93,727.0,0.0,0.0
78,0.0,0.0,0.0
84,840.0,42.0,32.0
932,0.0,0.0,0.0
1006,0.0,0.0,0.0
1655,0.0,0.0,0.0
1902,0.0,0.0,0.0
2333,2177.0,0.0,0.0
1858,198.0,0.0,0.0
1808,476.0,0.0,0.0
1580,0.0,0.0,0.0
284,0.0,0.0,0.0
825,87.0,9.0,30.0
322,755.0,0.0,0.0
2193,0.0,0.0,0.0
938,4.0,0.0,0.0
142,92.0,0.0,0.0
40,0.0,0.0,0.0
1724,0.0,0.0,0.0
2124,125.0,0.0,0.0
1367,450.0,42.0,11.0
881,411.0,45.0,148.0
262,0.0,0.0,0.0
170,64.0,1.0,0.0
460,679.0,0.0,0.0
1517,1471.0,0.0,0.0
1754,0.0,0.0,0.0
2382,821.0,0.0,0.0
1400,0.0,0.0,0.0
1788,0.0,0.0,0.0
1558,139.0,0.0,0.0
1351,684.0,0.0,0.0
1251,0.0,0.0,0.0
1814,0.0,0.0,0.0
1940,0.0,0.0,0.0
1782,347.0,35.0,61.0
32,453.0,0.0,0.0
1034,429.0,0.0,0.0
1682,685.0,0.0,0.0
451,0.0,0.0,0.0
2202,0.0,0.0,0.0
1522,501.0,39.0,20.0
409,544.0,34.0,20.0
1884,1399.0,0.0,0.0
2256,2677.0,0.0,0.0
1634,2636.0,41.0,27.0
1294,180.0,20.0,39.0
2303,706.0,13.0,1.0
1317,2655.0,0.0,0.0
2368,682.0,41.0,60.0
1559,922.0,0.0,0.0
1498,846.0,0.0,0.0
1823,756.0,0.0,0.0
1615,1832.0,41.0,14.0
422,497.0,0.0,0.0
574,0.0,0.0,0.0
679,245.0,2.0,0.0
726,415.0,31.0,110.0
1509,167.0,0.0,0.0
983,0.0,0.0,0.0
1038,1298.0,0.0,0.0
1313,0.0,0.0,0.0
1015,143.0,1.0,6.0
1541,0.0,0.0,0.0
135,0.0,0.0,0.0
49,0.0,0.0,0.0
2196,0.0,0.0,0.0
1110,0.0,0.0,0.0
1163,620.0,40.0,33.0
654,0.0,0.0,0.0
1680,0.0,0.0,0.0
354,0.0,0.0,0.0
1689,36.0,0.0,0.0
392,1081.0,0.0,0.0
798,0.0,0.0,0.0
2113,362.0,23.0,65.0
169,0.0,0.0,0.0
926,269.0,24.0,8.0
2109,168.0,0.0,0.0
2195,0.0,0.0,0.0
1255,0.0,0.0,0.0
1230,0.0,0.0,0.0
277,560.0,48.0,45.0
1295,0.0,0.0,0.0
1899,0.0,0.0,0.0
323,0.0,0.0,0.0
807,570.0,58.0,5.0
2107,0.0,0.0,0.0
54,0.0,0.0,0.0
2115,0.0,0.0,0.0
1026,696.0,42.0,70.0
197,0.0,0.0,0.0
86,0.0,0.0,0.0
41,408.0,3.0,0.0
1206,1121.0,48.0,34.0
2148,0.0,0.0,0.0
1645,977.0,41.0,16.0
1499,0.0,0.0,0.0
1966,1090.0,50.0,10.0
842,0.0,0.0,0.0
1783,286.0,12.0,0.0
622,166.0,10.0,0.0
892,0.0,0.0,0.0
2182,1317.0,33.0,51.0
1373,183.0,26.0,11.0
2284,86.0,0.0,0.0
738,1272.0,0.0,0.0
62,754.0,46.0,26.0
1003,392.0,0.0,0.0
556,0.0,0.0,0.0
1523,0.0,0.0,0.0
143,438.0,35.0,31.0
130,673.0,0.0,0.0
348,119.0,0.0,0.0
1242,0.0,0.0,0.0
2264,428.0,0.0,0.0
1291,0.0,0.0,0.0
1340,0.0,0.0,0.0
1178,191.0,0.0,0.0
1100,414.0,0.0,0.0
2367,0.0,0.0,0.0
1198,0.0,0.0,0.0
2173,0.0,0.0,0.0
1664,1378.0,0.0,0.0
1091,506.0,42.0,20.0
1176,0.0,0.0,0.0
1473,663.0,0.0,0.0
1218,0.0,0.0,0.0
774,0.0,0.0,0.0
1000,3440.0,40.0,113.0
922,2270.0,0.0,0.0
629,0.0,0.0,0.0
784,1939.0,0.0,0.0
2221,1029.0,67.0,115.0
2086,151.0,0.0,0.0
50,0.0,0.0,0.0
290,1291.0,0.0,0.0
1853,0.0,0.0,0.0
399,3445.0,36.0,25.0
669,665.0,0.0,0.0
1114,331.0,14.0,40.0
663,274.0,16.0,25.0
1958,437.0,30.0,54.0
1173,369.0,0.0,0.0
1502,1766.0,0.0,0.0
2222,859.0,44.0,136.0
777,183.0,0.0,0.0
1253,0.0,0.0,0.0
405,0.0,0.0,0.0
968,0.0,0.0,0.0
1314,0.0,0.0,0.0
1657,807.0,34.0,29.0
1158,288.0,0.0,0.0
644,0.0,0.0,0.0
957,1744.0,19.0,22.0
362,0.0,0.0,0.0
1613,1005.0,0.0,0.0
1220,0.0,0.0,0.0
541,0.0,0.0,0.0
457,318.0,0.0,0.0
1777,468.0,0.0,0.0
1989,454.0,34.0,54.0
124,35.0,8.0,0.0
450,58.0,0.0,0.0
1421,0.0,0.0,0.0
1131,0.0,0.0,0.0
766,0.0,0.0,0.0
873,1690.0,0.0,0.0
2065,0.0,0.0,0.0
1608,0.0,0.0,0.0
430,431.0,38.0,27.0
1460,5.0,0.0,0.0
1963,251.0,0.0,0.0
1431,0.0,0.0,0.0
1202,0.0,0.0,0.0
26,1716.0,9.0,2.0
222,898.0,49.0,37.0
1683,0.0,0.0,0.0
1572,71.0,0.0,0.0
29,156.0,20.0,75.0
1532,0.0,0.0,0.0
2320,166.0,18.0,45.0
30,298.0,0.0,0.0
2121,0.0,0.0,0.0
2287,0.0,0.0,0.0
2002,0.0,0.0,0.0
1299,133.0,0.0,0.0
1545,187.0,0.0,0.0
645,4.0,0.0,0.0
1722,119.0,9.0,4.0
162,0.0,0.0,0.0
1125,1717.0,17.0,10.0
2060,0.0,0.0,0.0
1598,0.0,0.0,0.0
868,519.0,44.0,170.0
294,197.0,6.0,2.0
1943,0.0,0.0,0.0
641,0.0,0.0,0.0
384,33.0,0.0,0.0
2132,661.0,49.0,91.0
607,0.0,0.0,0.0
1415,183.0,0.0,0.0
2317,0.0,0.0,0.0
1354,0.0,0.0,0.0
1141,1252.0,0.0,0.0
216,0.0,0.0,0.0
1924,863.0,0.0,0.0
2089,0.0,0.0,0.0
2312,572.0,0.0,0.0
100,0.0,0.0,0.0
651,0.0,0.0,0.0
2390,0.0,0.0,0.0
2032,683.0,39.0,20.0
